ts_s,live_orders,nonempty_sides,levels_p50,levels_p90,levels_p99,levels_max,orders_per_level_p50,orders_per_level_p99,orders_per_level_max
34200,489138,17666,13,27,93,532,1,9,240
36000,1701810,17680,26,77,275,2459,1,23,2098
37800,1789589,17680,28,80,277,2478,1,22,2100
39600,1814071,17680,28,81,279,2528,1,22,2102
41400,1823002,17680,28,81,277,2554,1,22,2103
43200,1832745,17680,28,81,277,2568,1,22,2107
45000,1855457,17680,28,83,281,2604,1,22,2108
46800,1857487,17682,28,82,283,2596,1,22,2112
48600,1859107,17682,28,82,283,2622,1,22,2115
50400,1855261,17682,28,82,283,2660,1,22,2124
52200,1860357,17682,28,83,285,2657,1,22,2127
54000,1864953,17682,28,83,285,2643,1,22,2126
55800,1905549,17682,28,84,287,2801,1,23,2197
57600,1752798,17682,22,80,299,3070,1,24,2399
72300,0,0,0,0,0,0,0,0,0
