low,high,count
3760,3775,1
3808,3823,1
3824,3839,1
3856,3871,1
3872,3887,1
3904,3919,3
3920,3935,1
3952,3967,1
3968,3983,1
4000,4015,1
4016,4031,1
4032,4047,1
4048,4063,3
4064,4079,1
4080,4095,2
4096,4127,3
4128,4159,1
4160,4191,6
4192,4223,8
4224,4255,1
4256,4287,7
4288,4319,8
4320,4351,6
4352,4383,10
4384,4415,14
4416,4447,3
4448,4479,6
4480,4511,7
4512,4543,13
4544,4575,10
4576,4607,13
4608,4639,14
4640,4671,14
4672,4703,14
4704,4735,19
4736,4767,20
4768,4799,15
4800,4831,19
4832,4863,23
4864,4895,30
4896,4927,19
4928,4959,20
4960,4991,24
4992,5023,17
5024,5055,35
5056,5087,10
5088,5119,41
5120,5151,31
5152,5183,33
5184,5215,42
5216,5247,44
5248,5279,40
5280,5311,32
5312,5343,42
5344,5375,37
5376,5407,54
5408,5439,42
5440,5471,40
5472,5503,68
5504,5535,59
5536,5567,51
5568,5599,65
5600,5631,47
5632,5663,60
5664,5695,61
5696,5727,74
5728,5759,74
5760,5791,66
5792,5823,82
5824,5855,66
5856,5887,85
5888,5919,54
5920,5951,63
5952,5983,71
5984,6015,73
6016,6047,82
6048,6079,74
6080,6111,90
6112,6143,74
6144,6175,79
6176,6207,93
6208,6239,95
6240,6271,77
6272,6303,85
6304,6335,101
6336,6367,80
6368,6399,69
6400,6431,110
6432,6463,85
6464,6495,87
6496,6527,67
6528,6559,98
6560,6591,95
6592,6623,80
6624,6655,82
6656,6687,98
6688,6719,93
6720,6751,97
6752,6783,91
6784,6815,100
6816,6847,87
6848,6879,87
6880,6911,97
6912,6943,82
6944,6975,104
6976,7007,102
7008,7039,91
7040,7071,101
7072,7103,85
7104,7135,87
7136,7167,89
7168,7199,107
7200,7231,80
7232,7263,78
7264,7295,85
7296,7327,97
7328,7359,94
7360,7391,88
7392,7423,87
7424,7455,100
7456,7487,83
7488,7519,88
7520,7551,97
7552,7583,104
7584,7615,93
7616,7647,91
7648,7679,106
7680,7711,96
7712,7743,100
7744,7775,98
7776,7807,97
7808,7839,85
7840,7871,91
7872,7903,79
7904,7935,93
7936,7967,102
7968,7999,84
8000,8031,88
8032,8063,81
8064,8095,92
8096,8127,73
8128,8159,100
8160,8191,93
8192,8255,176
8256,8319,204
8320,8383,179
8384,8447,175
8448,8511,188
8512,8575,177
8576,8639,168
8640,8703,161
8704,8767,164
8768,8831,179
8832,8895,171
8896,8959,169
8960,9023,159
9024,9087,174
9088,9151,165
9152,9215,170
9216,9279,153
9280,9343,160
9344,9407,172
9408,9471,134
9472,9535,156
9536,9599,152
9600,9663,148
9664,9727,145
9728,9791,145
9792,9855,144
9856,9919,145
9920,9983,127
9984,10047,143
10048,10111,132
10112,10175,151
10176,10239,121
10240,10303,129
10304,10367,130
10368,10431,130
10432,10495,128
10496,10559,113
10560,10623,124
10624,10687,133
10688,10751,134
10752,10815,98
10816,10879,116
10880,10943,116
10944,11007,119
11008,11071,113
11072,11135,115
11136,11199,113
11200,11263,97
11264,11327,115
11328,11391,102
11392,11455,104
11456,11519,103
11520,11583,103
11584,11647,97
11648,11711,99
11712,11775,106
11776,11839,88
11840,11903,76
11904,11967,102
11968,12031,84
12032,12095,83
12096,12159,94
12160,12223,64
12224,12287,81
12288,12351,80
12352,12415,83
12416,12479,75
12480,12543,60
12544,12607,82
12608,12671,78
12672,12735,69
12736,12799,71
12800,12863,67
12864,12927,70
12928,12991,90
12992,13055,65
13056,13119,70
13120,13183,71
13184,13247,77
13248,13311,57
13312,13375,70
13376,13439,68
13440,13503,64
13504,13567,53
13568,13631,63
13632,13695,58
13696,13759,62
13760,13823,66
13824,13887,64
13888,13951,72
13952,14015,54
14016,14079,60
14080,14143,54
14144,14207,47
14208,14271,51
14272,14335,51
14336,14399,45
14400,14463,51
14464,14527,38
14528,14591,44
14592,14655,51
14656,14719,46
14720,14783,46
14784,14847,35
14848,14911,55
14912,14975,45
14976,15039,57
15040,15103,60
15104,15167,40
15168,15231,40
15232,15295,55
15296,15359,37
15360,15423,47
15424,15487,47
15488,15551,48
15552,15615,51
15616,15679,46
15680,15743,35
15744,15807,47
15808,15871,35
15872,15935,31
15936,15999,36
16000,16063,40
16064,16127,32
16128,16191,43
16192,16255,36
16256,16319,42
16320,16383,41
16384,16511,60
16512,16639,82
16640,16767,79
16768,16895,70
16896,17023,56
17024,17151,59
17152,17279,54
17280,17407,64
17408,17535,53
17536,17663,54
17664,17791,48
17792,17919,54
17920,18047,51
18048,18175,42
18176,18303,45
18304,18431,58
18432,18559,51
18560,18687,43
18688,18815,58
18816,18943,51
18944,19071,44
19072,19199,54
19200,19327,37
19328,19455,39
19456,19583,43
19584,19711,35
19712,19839,35
19840,19967,36
19968,20095,35
20096,20223,38
20224,20351,34
20352,20479,34
20480,20607,32
20608,20735,22
20736,20863,32
20864,20991,27
20992,21119,21
21120,21247,25
21248,21375,19
21376,21503,17
21504,21631,24
21632,21759,18
21760,21887,20
21888,22015,26
22016,22143,24
22144,22271,24
22272,22399,19
22400,22527,26
22528,22655,18
22656,22783,19
22784,22911,20
22912,23039,17
23040,23167,23
23168,23295,23
23296,23423,19
23424,23551,18
23552,23679,16
23680,23807,12
23808,23935,20
23936,24063,22
24064,24191,16
24192,24319,18
24320,24447,11
24448,24575,13
24576,24703,19
24704,24831,9
24832,24959,8
24960,25087,10
25088,25215,14
25216,25343,15
25344,25471,14
25472,25599,10
25600,25727,12
25728,25855,12
25856,25983,10
25984,26111,16
26112,26239,11
26240,26367,17
26368,26495,13
26496,26623,16
26624,26751,12
26752,26879,9
26880,27007,14
27008,27135,8
27136,27263,7
27264,27391,12
27392,27519,13
27520,27647,5
27648,27775,9
27776,27903,8
27904,28031,8
28032,28159,5
28160,28287,11
28288,28415,6
28416,28543,9
28544,28671,7
28672,28799,11
28800,28927,18
28928,29055,5
29056,29183,5
29184,29311,12
29312,29439,4
29440,29567,6
29568,29695,8
29696,29823,6
29824,29951,4
29952,30079,8
30080,30207,5
30208,30335,7
30336,30463,10
30464,30591,3
30592,30719,6
30720,30847,11
30848,30975,5
30976,31103,7
31104,31231,8
31232,31359,2
31360,31487,10
31488,31615,9
31616,31743,8
31744,31871,5
31872,31999,4
32000,32127,10
32128,32255,9
32256,32383,2
32384,32511,3
32512,32639,1
32640,32767,3
32768,33023,9
33024,33279,10
33280,33535,9
33536,33791,6
33792,34047,10
34048,34303,8
34304,34559,13
34560,34815,5
34816,35071,8
35072,35327,6
35328,35583,12
35584,35839,4
35840,36095,3
36096,36351,10
36352,36607,8
36608,36863,3
36864,37119,6
37120,37375,6
37376,37631,4
37632,37887,6
37888,38143,8
38144,38399,6
38400,38655,3
38656,38911,4
38912,39167,4
39168,39423,1
39424,39679,4
39680,39935,2
39936,40191,2
40192,40447,3
40448,40703,3
40704,40959,5
40960,41215,1
41216,41471,2
41472,41727,6
41728,41983,2
41984,42239,2
42240,42495,3
42496,42751,4
42752,43007,3
43008,43263,7
43264,43519,4
43520,43775,2
43776,44031,2
44032,44287,3
44288,44543,4
44544,44799,4
44800,45055,4
45056,45311,5
45312,45567,5
45568,45823,6
45824,46079,1
46080,46335,2
46336,46591,1
46592,46847,3
46848,47103,1
47104,47359,2
47360,47615,2
47616,47871,2
47872,48127,4
48384,48639,4
48640,48895,2
49152,49407,2
49408,49663,1
49664,49919,3
49920,50175,1
50688,50943,3
50944,51199,3
51712,51967,2
52224,52479,1
52736,52991,4
53504,53759,3
53760,54015,1
54016,54271,2
54528,54783,3
55040,55295,1
55296,55551,3
56064,56319,1
56576,56831,1
57088,57343,1
57344,57599,1
58112,58367,2
59392,59647,1
60160,60415,1
61440,61695,2
61952,62207,1
63232,63487,1
63488,63743,1
63744,63999,1
64000,64255,1
67072,67583,2
68096,68607,2
68608,69119,2
69632,70143,2
70144,70655,1
71168,71679,2
71680,72191,1
72704,73215,1
73216,73727,1
74240,74751,1
74752,75263,1
76288,76799,3
76800,77311,2
77312,77823,1
77824,78335,1
79360,79871,1
80384,80895,1
80896,81407,1
81920,82431,1
83456,83967,1
83968,84479,1
84480,84991,1
88064,88575,1
90112,90623,1
90624,91135,1
91648,92159,1
93696,94207,1
96256,96767,2
98304,98815,1
100864,101375,1
102912,103423,1
104448,104959,1
112128,112639,1
113664,114175,2
120832,121343,1
121856,122367,1
122368,122879,1
123392,123903,1
138240,139263,1
139264,140287,1
147456,148479,1
149504,150527,1
162816,163839,1
243712,244735,1
250880,251903,1
260096,261119,1
512000,512843,1
