cpu_a,cpu_b,relation,runs,skew_ns,skew_ci95_lo,skew_ci95_hi,asymmetry_ns,bound_ns,half_rtt_p50_ns,violations
0,1,cross-core,10,0.34722223861882795,-1.5277778508487692,3.958333518865749,-10.625000504668233,142.22222905702193,189.37500904741557,0
0,2,cross-core,10,-1.5277778487654354,-2.916666804398155,0.6944444769290143,-8.958333758912058,143.19445096774723,189.79167547071802,0
0,3,cross-core,10,-2.222222328086425,-3.611111281635811,0.6944444755015451,-7.986111485956807,141.38889532993858,189.79167557631217,0
0,4,SMT sibling,10,0.13888889521604963,-0.0694444476851852,0.34722223838734645,-7.708333695177487,59.1666694442131,76.52778137033197,0
0,5,cross-core,10,0.0,-2.0833334328703748,0.833333372067903,-9.444444888580268,141.38889568387378,189.6527864175158,0
0,6,cross-core,10,-0.7638889239969151,-2.638889009104944,0.41666668634259363,-8.26388928136576,142.22222885709908,189.51389768017015,0
0,7,cross-core,10,-1.9444445368441403,-3.61111127851081,-0.6944444772376563,-9.861111584992308,143.0555621529324,189.72223112862696,0
1,2,cross-core,10,0.48611113402777884,-1.3194445080632744,2.3611112205246965,-10.416667164506197,137.3611176738429,188.5416753605714,0
1,3,cross-core,10,-1.0416667156635824,-3.4027779386574153,-0.20833334317129681,-9.72222268406638,137.50000637847253,187.7777866972998,0
1,4,cross-core,10,0.4861111333719146,-0.555555581481483,1.6666667462963005,-9.791667134606506,143.05556239043244,189.58334212847262,0
1,5,SMT sibling,10,0.13888889521604986,0.0,0.2777777909722232,-7.708333690856499,59.1666694442131,76.59722577542456,0
1,6,cross-core,10,-0.13888889544753136,-2.569444565354944,2.361111221296302,-9.513889338425948,137.91667321774722,188.47223091280904,0
1,7,cross-core,10,-0.5555555819058657,-1.9444445351851893,2.3611112226080295,-9.375000440316379,137.50000649305588,187.77778654074115,0
2,3,cross-core,10,0.4861111339120383,-0.902777819367286,2.0833334305555606,-10.625000484027801,138.75000632083362,187.77778659328743,0
2,4,cross-core,10,1.5277778511574105,-1.5277778473765462,2.638889010956796,-8.819444858526253,140.41667325902807,189.65278657538624,0
2,5,cross-core,10,1.111111162962965,-0.8333333726851873,2.083333429861116,-10.347222699228418,137.22222874035526,188.61111970339547,0
2,6,SMT sibling,10,0.13888889521604963,0.0,0.27777779074074127,-7.500000347916683,59.1666694442131,76.66667015925943,0
2,7,cross-core,10,-0.3472222381944454,-1.111111164814817,1.1805556105709902,-11.319444966126568,137.6388954656639,187.36111995871954,0
3,4,cross-core,10,1.1111111623071015,0.0,3.819444623302478,-10.27777826049385,145.277784597917,189.72223112862696,0
3,5,cross-core,10,-0.5555555816743842,-1.9444445364197573,3.1944445935185253,-9.375000450501565,138.05556195933673,187.91667543626585,0
3,6,cross-core,10,0.0694444477623457,-1.111111161728397,0.8333333726080268,-10.625000494367308,136.11111742492312,187.77778648973805,0
3,7,SMT sibling,10,0.0,-0.2777777907407417,0.34722223838734645,-7.77777813641977,59.1666694442131,76.66667030833351,0
4,5,cross-core,10,-1.5972222976466086,-2.638889012191364,-0.5555555808641994,-10.208333812461444,141.38889544799412,189.58334212708374,0
4,6,cross-core,10,-1.1111111635802495,-2.7083334599537094,0.694444476080248,-8.819444846219156,141.52778438287066,189.58334228588006,0
4,7,cross-core,10,-1.458333402083337,-3.750000170833341,0.902777818672841,-7.986111492476871,140.83333990740772,189.6527866809032,0
5,6,cross-core,10,0.6944444760802484,-0.5555555814814825,3.1250001452932166,-10.069444922762369,137.9166732943676,188.47223091280904,0
5,7,cross-core,10,-0.9722222671296314,-2.291666774035499,1.8750000864583374,-10.277778260648171,135.69445092785526,187.7777866972998,0
6,7,cross-core,10,0.9027778194830267,0.0,2.916666802777784,-10.902778292592616,136.25000628256203,187.50000854166706,0
