variant,metric,median_ns,ci95_lo_ns,ci95_hi_ns,runs,samples_per_run,ticks_per_ns
book=fast-fib__method=batch,min,5.0295683854519435,4.953884744014343,5.0789390490022,10,137319,1.799999914
book=fast-fib__method=batch,p50,313.3328058559932,313.3328054208087,315.5550284454989,10,137319,1.799999914
book=fast-fib__method=batch,p90,357.7772528337705,356.6661410745121,375.5550278343928,10,137319,1.799999914
book=fast-fib__method=batch,p99,461.1105912467337,457.77725711463563,517.7772608442646,10,137319,1.799999914
book=fast-fib__method=batch,p99.9,655.5550443417965,631.1105990800679,1448.8884179936495,10,137319,1.799999914
book=fast-fib__method=batch,max,6067.05785447304,1146.2305222407576,6240.640492603179,10,137319,1.799999914
book=fast-fib__method=batch,mean,311.02892796622007,310.3531344026359,320.0145465304068,10,137319,1.799999914
book=fast-fib__method=permsg,min,21.6666677018519,21.66666766574079,21.66666771990746,10,140613632,1.799999914
book=fast-fib__method=permsg,p50,301.66668149861187,301.66667982268575,305.00001423456854,10,140613632,1.799999914
book=fast-fib__method=permsg,p90,648.3333652097238,648.3333639490754,661.6666927657418,10,140613632,1.799999914
book=fast-fib__method=permsg,p99,1199.4445020844164,1190.555612437657,1270.5556183774722,10,140613632,1.799999914
book=fast-fib__method=permsg,p99.9,1715.0000824152817,1706.111196416671,2719.444578905871,10,140613632,1.799999914
book=fast-fib__method=permsg,p99.99,7483.889248615295,6968.333681750018,10239.444950728112,10,140613632,1.799999914
book=fast-fib__method=permsg,max,5946527.7841118835,548407.8033701419,6021046.412163432,10,140613632,1.799999914
book=fast-fib__method=permsg,mean,369.73168433162493,368.95779499580823,377.9977926876907,10,140613632,1.799999914
book=ref__method=batch,min,6.408149174157126,6.360677351739438,6.463216447450101,10,137319,1.799999916
book=ref__method=batch,p50,831.1106029751334,826.6661622504397,833.3328303800688,10,137319,1.799999916
book=ref__method=batch,p90,948.888387456614,942.2217231343906,977.777280872662,10,137319,1.799999916
book=ref__method=batch,p99,1208.888405119575,1208.888396052912,1386.6661888430333,10,137319,1.799999916
book=ref__method=batch,p99.9,1568.8884143072326,1564.443974047972,2737.777369722048,10,137319,1.799999916
book=ref__method=batch,max,207605.60521873122,206888.76177611388,213056.57595476398,10,137319,1.799999916
book=ref__method=batch,mean,820.9514608379939,816.5641780946287,837.0470719398008,10,137319,1.799999916
book=ref__method=permsg,min,21.666667677777824,21.666667569444485,21.666667737963017,10,140613632,1.799999916
book=ref__method=permsg,p50,766.1111477080265,763.8889213541681,772.7778132004646,10,140613632,1.799999916
book=ref__method=permsg,p90,1648.3334047290155,1639.4445204976887,1670.555638155251,10,140613632,1.799999916
book=ref__method=permsg,p99,2470.5556624845726,2452.7778901967645,2577.2223330626593,10,140613632,1.799999916
book=ref__method=permsg,p99.9,3777.22240526683,3288.333484048618,6915.000311808348,10,140613632,1.799999916
book=ref__method=permsg,p99.99,15892.778563152817,14931.889439703486,18061.667450682442,10,140613632,1.799999916
book=ref__method=permsg,max,93984662.59787291,93614643.10154782,94955421.09791966,10,140613632,1.799999916
book=ref__method=permsg,mean,868.087813701215,863.3889306215638,882.9928189841094,10,140613632,1.799999916
